x,y,area_roof_solar_m2,PV_Pot,has_pv_2024,BeginningOfOperation_Year,heating_system1,energy_source1,update_date
2523292.188189095,1147593.1099649551,200.54367220542855,23055.72330717933,False,-99,Chaudière à cond. pour un bât.,Gaz,2019
2523303.4244370046,1147495.4097881848,186.9859679238112,20402.860434080427,False,-99,Chaudière (gén.) pour un bât.,Mazout,2003
2523510.3949155053,1147468.8100607982,253.7422152380621,27394.493008655096,False,-99,Chaudière (gén.) pour un bât.,Mazout,2013
2524419.263430581,1148702.8114629607,304.533877414523,34570.63703867626,False,-99,Chaudière à cond. pour un bât.,Gaz,2018
2524514.9867655714,1148678.7292586777,543.074977006891,64388.70711386343,False,-99,Pompe à chaleur pour plus. bât.,Indéterminé,2008
2524461.185732012,1148670.7502725655,543.074977009434,64436.75838813071,False,-99,Pompe à chaleur pour plus. bât.,Air,2017
2524492.4954854776,1148713.7603694955,179.634768669461,19163.149706028235,False,-99,Chaudière à cond. pour un bât.,Gaz,2018
2524356.4532550313,1148674.6181692542,359.323603534824,40681.75119587951,False,-99,Chaudière à cond. pour un bât.,Gaz,2018
2524494.604077837,1148123.2011438112,512.016462344301,58042.22891444856,False,-99,Chaudière (gén.) pour un bât.,Mazout,2001
2524354.549290601,1149096.11418126,141.6384000378087,17663.135595459913,False,-99,Chaudière (gén.) pour un bât.,Gaz,2004
2524590.6355377897,1148290.239842479,736.7681830236556,91660.14326295722,False,-99,Chaudière (gén.) pour un bât.,Mazout,2001
2523942.060312307,1147901.1291122707,461.87903264892,58883.51805622444,False,-99,Chaudière (gén.) pour un bât.,Gaz,2015
2523921.4794348734,1147909.1051528607,157.7840298232397,18641.523601478635,False,-99,Chaudière (gén.) pour un bât.,Gaz,2001
2523931.77239845,1148045.1605109042,230.91371589189683,26612.273566920147,False,-99,Chaudière (gén.) pour un bât.,Gaz,2004
2523936.1036263825,1148008.859685073,247.68660563923453,28017.09307322223,False,-99,Chaudière (gén.) pour un bât.,Gaz,2004
2524095.430317125,1147885.6093584113,184.8125114569217,19371.846499306208,False,-99,Chaudière (gén.) pour un bât.,Mazout,2014
2524079.9925974593,1147960.5805498015,283.5792011684626,34314.3630004246,False,-99,Chaudière (gén.) pour un bât.,Mazout,2005
2524211.399832785,1147880.5072545502,442.5964929998645,45908.13220837067,False,-99,Pompe à chaleur pour un bât.,Indéterminé,2008
2524163.1587754707,1147930.8069305208,198.3028802169334,23222.15629460027,False,-99,Pompe à chaleur pour un bât.,Sonde géothermique,2017
2524084.613974786,1148311.2395888986,197.4401868530828,24617.720091349496,False,-99,Chaudière (gén.) pour un bât.,Gaz,2014
2523785.46160837,1148062.314751615,250.487355622574,30030.937428443296,False,-99,Chaudière à cond. pour un bât.,Mazout,2022
2524836.49332201,1148545.2107028882,194.5767417508918,22732.17223424213,False,-99,Chaudière (gén.) pour un bât.,Mazout,2017
2525023.4410934504,1148803.0993772373,397.0800808318168,33194.05674728995,False,-99,Chaudière (gén.) pour un bât.,Gaz,2001
2524798.311629206,1148678.0030380927,368.097490795519,50817.03171891358,False,-99,Chaudière à cond. pour un bât.,Gaz,2021
2524870.4172671894,1148539.1275191463,302.9771104797565,36570.32483816847,False,-99,Chaudière à cond. pour un bât.,Gaz,2019
2524827.1542656682,1148636.8117362713,362.396118210886,49839.48824438258,False,-99,Chaudière à cond. pour un bât.,Gaz,2021
2524851.700996484,1148537.915641557,187.21229316017448,23207.5149343874,False,-99,Central électrique pour un bât.,Electricité,2001
2524882.997325104,1148774.3004445196,406.20066928011,55450.78300018351,False,-99,Chaudière à cond. pour un bât.,Gaz,2021
2524722.850324958,1148348.8494971548,531.6453182105244,60355.39911038381,False,-99,Chaudière (gén.) pour un bât.,Gaz,2011
2524883.344635401,1147977.0318080664,121.82891554300778,12937.529666692792,False,-99,Electrique direct,Electricité,2001
2524204.597282921,1148716.0486556925,461.217787540454,58044.99458282241,False,-99,Chaudière à cond. pour un bât.,Gaz,2020
2523268.9756643916,1147484.474996967,185.7667518162137,21897.84559124657,False,-99,Chaudière (gén.) pour un bât.,Gaz,2006
2523472.758535033,1149227.950881771,215.2629400391119,24236.55768988585,False,-99,Chaudière (gén.) pour un bât.,Mazout,2001
2524395.2850978463,1147988.091973794,191.301832466597,20991.779638758653,False,-99,Pompe à chaleur pour un bât.,Indéterminé,2010
2523943.8406319763,1148025.261522186,251.89970911608629,30231.1660020237,False,-99,Chaudière (gén.) pour un bât.,Gaz,2007
2523947.39220153,1148074.368066956,270.8575351679831,32316.22264969109,False,-99,Chaudière à cond. pour un bât.,Gaz,2018
2524034.3628026526,1147829.547280218,407.8232601649539,48407.48933864802,False,-99,Chaudière (gén.) pour un bât.,Gaz,2017
2524024.79963439,1148078.2779368088,206.62534916220525,25452.282219436027,True,2022,Pompe à chaleur pour un bât.,Air,2023
2524088.197814723,1148214.8773910652,235.8664218413374,27050.306135391707,False,-99,Chaudière stand. pour un bât.,Mazout,2021
2524099.5254322123,1148238.8591226938,230.8177760191559,26587.241549710427,False,-99,Chaudière (gén.) pour un bât.,Mazout,2001
2524115.601793101,1148212.4972193968,239.04128194301495,27547.749744985875,False,-99,Chaudière (gén.) pour un bât.,Mazout,2023
2524117.789378319,1147927.525426218,492.155782833213,57817.38905098845,False,-99,Chaudière (gén.) pour un bât.,Mazout,2009
2524077.1896011126,1147898.715405099,140.9592893017019,15420.962482422405,False,-99,Central électrique pour un bât.,Electricité,2001
2524211.2658087662,1148030.1697015364,620.901702018271,59336.45696662331,False,-99,Chaudière (gén.) pour un bât.,Gaz,2001
2524196.0700022303,1148110.7135252892,227.31302277027456,26277.82702847781,False,-99,Chaudière (gén.) pour un bât.,Gaz,2008
2524477.8220177027,1148246.396296136,108.3989457190367,13751.385550937375,False,-99,Chaudière (gén.) pour un bât.,Mazout,2001
2525086.5102865193,1148907.1477298227,673.146428108186,82860.74811468943,False,-99,Pompe à chaleur pour plus. bât.,Indéterminé,2022
2524754.2142276047,1148417.4612044753,215.110889460164,26792.144953750023,False,-99,Chaudière (gén.) pour un bât.,Mazout,2001
2524806.3490398275,1148282.8533508496,220.6016371009353,22582.359178617862,False,-99,Chaudière (gén.) pour un bât.,Mazout,2017
2524747.910204037,1148292.477369942,133.98959961916904,15011.467334166324,False,-99,Chaudière (gén.) pour un bât.,Gaz,2001
2524715.587401488,1148314.0851250705,172.8863151670478,20295.64355673281,False,-99,Chaudière à cond. pour plus. bât.,Gaz,2021
2524688.50695904,1148529.5179565973,475.4429965407949,63454.40143662952,False,-99,Chaudière à cond. pour un bât.,Mazout,2021
2524954.185164787,1148736.0316165725,257.6699358356186,29659.115916792285,False,-99,Central électrique pour un bât.,Electricité,2001
2524660.4363261135,1148433.7178782762,138.5439596181449,15697.515862694843,False,-99,Chaudière (gén.) pour un bât.,Gaz,2014
2524615.6216372587,1149113.827723861,132.9857956671338,16803.823305299615,False,-99,Chaudière (gén.) pour un bât.,Mazout,2022
2524187.008219116,1148670.2552212588,467.6089337594422,57817.38905098845,False,-99,Chaudière à cond. pour un bât.,Gaz,2020
2524083.347003453,1148106.408040433,213.521266196485,24716.592257609016,True,2018,Central électrique pour un bât.,Electricité,2001
2524470.3406524723,1148051.7624612185,377.922367881965,48429.53425720058,False,-99,Chaudière à cond. pour un bât.,Gaz,2021
2524038.926694473,1148104.8649237968,160.4596670730781,19762.53916773744,True,2023,Pompe à chaleur pour un bât.,Indéterminé,2001
2524131.931951156,1148812.6795627591,87.41129952995331,10183.101732542193,False,-99,Chaudière (gén.) pour un bât.,Mazout,2009
2523981.147406952,1147806.5801627096,109.4777918212938,12975.83739021336,True,2016,Chaudière (gén.) pour un bât.,Gaz,2001
2524132.2293558405,1147874.2915932406,133.97089202621984,16171.921259229644,True,2017,Pompe à chaleur pour un bât.,Indéterminé,2021
2524318.3631142853,1148201.9266592865,137.37355262912624,15922.84029771038,False,-99,Chaudière (gén.) pour un bât.,Gaz,2001
2524299.3737626458,1148176.3050922628,209.4750998518329,23658.219586802625,False,-99,Chaudière (gén.) pour un bât.,Gaz,2001
2525111.404291511,1150090.6628165962,293.8586737169201,36951.29605622352,False,-99,Chaudière stand. pour un bât.,Mazout,2019
2525023.299130043,1148963.5356291067,649.266246777005,85829.91451274727,False,-99,Chaudière à cond. pour un bât.,Gaz,2018
2523699.433466842,1147942.946471164,211.26163813673068,23754.67271287619,True,2022,Chaudière stand. pour un bât.,Mazout,2020
2523642.27894573,1148039.217739628,233.2408396150855,27949.374661103226,False,-99,Central électrique pour un bât.,Electricité,2017
2523565.698288595,1148007.9607389516,299.35013540496266,33698.968711104244,False,-99,Chaudière (gén.) pour un bât.,Gaz,2017
2524860.7067080373,1149510.298382086,255.6385852835548,32823.43406163035,False,-99,Chaudière (gén.) pour un bât.,Mazout,2001
2523702.4343331736,1147814.239825798,465.53619281077647,62783.500922372696,False,-99,Pompe à chaleur pour un bât.,Sonde géothermique,2018
2524077.242929528,1149100.0014126303,250.5434569834026,27587.07031787393,True,2015,Pompe à chaleur pour un bât.,Indéterminé,2021
2524423.383346863,1149076.482153139,151.9987980516543,17945.409939112025,False,-99,Pompe à chaleur pour un bât.,Indéterminé,2018
2523809.068199576,1147810.5353614842,543.1688394398159,66741.51966354979,False,-99,Chaudière (gén.) pour un bât.,Gaz,2017
2523890.531263109,1147574.7215806514,155.4961019505812,18542.015136388385,False,-99,Chaudière (gén.) pour un bât.,Mazout,2001
2523354.5189576475,1147444.738963667,226.717223514976,25573.931848062384,False,-99,Chaudière (gén.) pour un bât.,Mazout,2001
2523322.9996571857,1147455.3103043619,321.5241886745231,40820.08515603772,False,-99,Chaudière à cond. pour un bât.,Mazout,2020
2523394.159543514,1149586.689258568,260.0120549377332,34063.80806976272,False,-99,Chaudière (gén.) pour un bât.,Mazout,2001
2523494.7550999494,1147725.4905371352,366.2302267366252,44993.471096981855,False,-99,Chaudière (gén.) pour un bât.,Gaz,2017
2523919.322889419,1147631.7298678716,270.3320898979908,32222.01530256309,False,-99,Central électrique pour un bât.,Electricité,2001
2524524.3937106594,1148131.583047554,111.252554338365,13072.298376290904,True,2023,Chaudière (gén.) pour un bât.,Gaz,2017
2524403.7928725746,1148052.9404469158,155.6161568639159,17314.931319854204,False,-99,Chaudière (gén.) pour un bât.,Mazout,2001
2524586.4001146746,1148250.636301812,172.697823075151,20359.208656206312,False,-99,Chaudière (gén.) pour un bât.,Gaz,2001
2524525.5489457357,1148311.8491245334,331.1071959762455,40630.80975328852,False,-99,Chaudière stand. pour un bât.,Mazout,2018
2524463.4583233558,1148251.0996790861,114.5203253500229,14590.86484014619,True,2009,Chaudière (gén.) pour un bât.,Gaz,2001
2523790.036586158,1148044.083883953,257.7806565639065,31725.18901108017,False,-99,Chaudière à cond. pour un bât.,Mazout,2018
2523718.705178438,1148007.7538882464,186.939626595302,20656.44935243792,False,-99,Chaudière (gén.) pour un bât.,Mazout,2014
2523765.0688683414,1147954.391377783,146.4797928200535,17802.899943322907,False,-99,Chaudière (gén.) pour un bât.,Mazout,2013
2523822.7445011544,1147769.1422495265,545.3837622814426,66499.89526275829,False,-99,Chaudière (gén.) pour un bât.,Gaz,2006
2524139.081948136,1149127.6418284008,170.2828167661998,20849.672027123463,False,-99,Chaudière (gén.) pour un bât.,Mazout,2001
2524309.0749603263,1149106.28147122,190.2316560637317,22575.210845992788,True,2023,Chaudière (gén.) pour un bât.,Gaz,2002
2524073.2970950482,1148061.124737356,145.57662136156222,17216.579387039652,False,-99,Chaudière (gén.) pour un bât.,Mazout,2001
2524143.424166846,1147954.7260998166,149.13001813839048,18704.021366586887,False,-99,Chaudière (gén.) pour un bât.,Gaz,2022
2524132.011787926,1148128.111840851,162.266501247881,20127.3738609922,False,-99,Chaudière stand. pour un bât.,Mazout,2019
2524266.2637080885,1148181.5549639347,273.320652056911,31367.445371868896,False,-99,Chaudière (gén.) pour un bât.,Mazout,2001
2524340.3906253036,1148048.9854351569,309.9325544966311,38060.98051597326,False,-99,Chaudière (gén.) pour un bât.,Gaz,2015
2524089.1228235783,1148286.1392126726,159.7264240125998,19905.63493280101,False,-99,Chaudière à cond. pour un bât.,Mazout,2021
2524063.6544276085,1148277.1001720428,202.36263962535543,23831.568379344688,True,2017,Pompe à chaleur pour un bât.,Sonde géothermique,2021
2524105.0518616484,1148333.1237283605,144.38549819929358,18433.130661692987,False,-99,Chaudière stand. pour un bât.,Mazout,2020
2523927.163118089,1147839.2036120198,193.88115052894824,23796.913080668528,False,-99,Chaudière (gén.) pour un bât.,Gaz,2015
2523915.5449523167,1147867.6240799692,141.21552248822942,17245.03295609432,False,-99,Chaudière (gén.) pour un bât.,Mazout,2017
2524024.526375659,1147878.9115815444,507.34386328621866,65784.43359097092,False,-99,Chaudière stand. pour un bât.,Gaz,2020
2524959.5396743473,1148680.85879798,181.4803565733566,18923.70027956657,False,-99,Chaudière (gén.) pour un bât.,Mazout,2001
2524980.684847938,1148913.3716701407,657.8918759877655,87595.50970233153,False,-99,Chaudière à cond. pour un bât.,Gaz,2018
2524732.2382622473,1148557.9681708803,500.8342145162778,66499.86879721537,False,-99,Chaudière à cond. pour un bât.,Mazout,2020
2524747.1203947584,1148588.021800718,474.0807411560094,63288.28526990865,False,-99,Chaudière (gén.) pour un bât.,Gaz,2017
2524104.8366222344,1148147.452485626,192.9156627974529,24048.872703209232,False,-99,Chaudière (gén.) pour un bât.,Mazout,2001
2524327.7853629855,1148123.6072762958,136.32368761331185,15378.069572782491,False,-99,Chaudière (gén.) pour un bât.,Gaz,2017
2523994.604473033,1148300.2458588583,175.8184094526666,22477.38297837388,False,-99,Central électrique pour un bât.,Electricité,2001
2524021.6088529867,1148042.588869015,214.42919375782031,24646.919681314143,False,-99,Chaudière (gén.) pour un bât.,Mazout,2013
2524000.528907733,1147838.3944094377,128.161067596742,14821.599787579467,True,2019,Central électrique pour un bât.,Electricité,2001
2524118.016123507,1148360.4021421454,196.2339836821228,23882.12494304468,False,-99,Chaudière (gén.) pour un bât.,Mazout,2001
2524293.5394785246,1148649.459115168,369.201792308801,49020.08656241354,False,-99,Chaudière à cond. pour un bât.,Gaz,2020
2524701.353455965,1148004.2382621712,77.6168326552794,8231.999823316703,False,-99,Chaudière à cond. pour un bât.,Gaz,2022
2524172.9321000013,1148767.3135986517,123.59349940973983,15273.44218216891,False,-99,Chaudière (gén.) pour un bât.,Mazout,2001
2524709.450034421,1148019.8220456077,80.4958091450179,9186.368595413534,False,-99,Chaudière stand. pour un bât.,Gaz,2018
2525177.21622936,1148925.4214598874,589.9046839327187,59336.45696662331,False,-99,Chaudière (gén.) pour un bât.,Gaz,2001
2524298.526810136,1149176.1316132017,233.5477343971975,25576.13562499979,False,-99,Chaudière (gén.) pour un bât.,Gaz,2021
2524434.8394013057,1149047.5533467492,181.1220457496691,16670.900907159907,False,-99,Chaudière (gén.) pour un bât.,Gaz,2006
2523692.5148402704,1148032.25862098,222.1557154397314,25668.83395261285,True,2022,Chaudière (gén.) pour un bât.,Mazout,2013
2523930.113752828,1148071.098293535,229.0482899472903,25105.557098891702,False,-99,Central électrique pour un bât.,Electricité,2001
2523452.8499576165,1147581.8896381315,122.1106523872383,15296.499151237163,False,-99,Chaudière (gén.) pour un bât.,Mazout,2013
2523437.5406705327,1147361.457331099,220.455770188078,23906.05319805954,False,-99,Chaudière (gén.) pour un bât.,Mazout,2001
2524551.2953878986,1148337.7015679982,463.9093705310893,54297.39140675046,False,-99,Poêle,Gaz,2001
2523996.406616499,1148044.7345402935,199.5559627110506,23847.63930183994,False,-99,Pompe à chaleur pour un bât.,Sonde géothermique,2018
2524227.757776015,1148171.6015450163,234.67241249657468,26942.578527331352,False,-99,Chaudière (gén.) pour un bât.,Mazout,2017
2523405.513385613,1147973.6193737213,229.8459221620361,27310.114909168104,False,-99,Chaudière (gén.) pour un bât.,Mazout,2002
2523681.3436160693,1148104.8960393912,172.29041123991237,21150.54037625526,False,-99,Chaudière (gén.) pour un bât.,Mazout,2011
2524061.0809228406,1148115.9994680274,255.05363959192655,28807.55668038633,True,2020,Pompe à chaleur pour un bât.,Indéterminé,2021
2523874.8949382515,1148179.3091576458,199.40987403032523,23401.43958433865,False,-99,Chaudière (gén.) pour un bât.,Mazout,2001
2524451.723192458,1148226.6985015592,382.87781340379104,51797.97044544511,False,-99,Pompe à chaleur pour un bât.,Indéterminé,2012
2524009.804456878,1148318.5618090597,240.9058803661543,26287.933470988035,True,2023,Chaudière (gén.) pour un bât.,Gaz,2018
2523299.41501271,1147545.9803797982,175.89970188954536,20742.953205781832,True,2023,Chaudière (gén.) pour un bât.,Gaz,2023
2524195.3775037304,1149047.8159020278,258.8662336842102,28076.49093636692,False,-99,Chaudière (gén.) pour un bât.,Gaz,2004
2524771.7916137464,1149660.6873585219,256.5271454132458,28635.524928136765,True,2022,Pompe à chaleur pour un bât.,Indéterminé,2001
2523937.7707534865,1147612.746631285,261.1817725540206,31193.147310365253,False,-99,Pompe à chaleur pour un bât.,Air,2022
2524104.55492817,1147820.6108898963,351.6735354306423,33170.17713239295,False,-99,Chaudière à cond. pour un bât.,Gaz,2020
2524151.8421722613,1147860.6054395244,786.0344114246848,84821.6714632998,False,-99,Chaudière à cond. pour un bât.,Gaz,2017
2524154.2420000085,1148729.1062292657,214.0321382219554,25271.79194897549,False,-99,Chaudière à cond. pour un bât.,Gaz,2023
2524183.9464595965,1147953.0574489874,265.54791509109003,31359.625119873308,False,-99,Chaudière (gén.) pour un bât.,Mazout,2013
2524277.1510084243,1148069.2579692362,551.975557105473,58017.71135451328,True,2024,Chaudière (gén.) pour un bât.,Gaz,2015
2524555.6197334845,1148073.7267275804,268.3709912969664,28940.295735932137,False,-99,Pompe à chaleur pour un bât.,Air,2020
2524640.464456927,1148147.8872081216,271.6967416635699,25634.13224615626,False,-99,Chaudière (gén.) pour un bât.,Gaz,2001
2524309.3968566214,1147962.416490935,656.2267814539827,76536.18023412427,False,-99,Chaudière à cond. pour un bât.,Gaz,2023
2524122.3085591905,1147899.2889715957,120.5335543986114,9597.900722617323,True,2022,Chaudière (gén.) pour un bât.,Gaz,2001
2524353.466640127,1148080.3256143825,185.7586985304162,11817.163160337332,False,-99,Chaudière (gén.) pour un bât.,Mazout,2020
2524443.151416695,1147996.5649699576,115.03625261666755,7141.25392468644,False,-99,Chaudière (gén.) pour un bât.,Gaz,2001
2524268.7430794816,1148798.899992848,472.8653463919293,58927.40491668634,False,-99,Chaudière à cond. pour un bât.,Gaz,2020
2524391.7222636165,1148608.6662030832,392.031204578288,46515.16103563756,False,-99,Pompe à chaleur pour un bât.,Indéterminé,2008
2524005.005136262,1147757.3776929104,349.97227085172847,16509.889526293686,False,-99,Chaudière (gén.) pour un bât.,Mazout,2010
2524291.4589156876,1148227.498228013,86.5612697364906,5590.204665567395,False,-99,Chaudière (gén.) pour un bât.,Gaz,2001
2524443.671077786,1148088.0508720004,350.0787016683344,41973.39393819119,False,-99,Chaudière (gén.) pour un bât.,Gaz,2019
2524522.80967304,1148150.5335029082,232.43565330816992,25581.219054886256,False,-99,Pompe à chaleur pour un bât.,Indéterminé,2001
2524566.669251644,1148124.0970913072,149.111922020143,22199.01949731815,False,-99,Chaudière stand. pour un bât.,Mazout,2020
2524017.292509389,1148114.0862867108,229.1392882716289,25676.270663061863,True,2020,Chaudière (gén.) pour un bât.,Gaz,2018
2524197.5920485947,1148122.342682212,223.0461213573687,24381.580348738305,True,2015,Central électrique pour un bât.,Electricité,2001
2524511.538969898,1148018.5259102348,172.3575301228821,15421.14163693928,True,2023,Chaudière à cond. pour un bât.,Gaz,2019
2524356.867874594,1148595.563797194,329.925830950126,36549.49068091478,False,-99,Chaudière (gén.) pour un bât.,Gaz,2001
2523851.0360268303,1148555.4533636305,178.36925306634768,17805.715031073905,False,-99,Chaudière (gén.) pour un bât.,Mazout,2001
2523906.4448001427,1148576.0565746515,140.8443085640734,17088.284360116377,False,-99,Chaudière (gén.) pour un bât.,Mazout,2001
2523947.7616977273,1148590.1013383367,138.742936233328,15443.26114985975,True,2020,Pompe à chaleur pour un bât.,Indéterminé,2021
2523462.0259968396,1147411.9811101141,347.03134746110914,35231.79910366299,False,-99,Pompe à chaleur pour un bât.,Indéterminé,2001
2523238.2441053195,1147521.8682321792,182.25966419315108,21859.52272352943,False,-99,Chaudière (gén.) pour un bât.,Gaz,2023
2523276.1511976267,1147959.4672288096,222.30990553372777,28421.16086261431,True,2012,Chaudière (gén.) pour un bât.,Mazout,2001
2523237.834172877,1147296.7339842245,335.83195295251767,38960.938408981965,False,-99,Central électrique pour un bât.,Electricité,2001
2523295.2193557248,1147404.6836070006,273.2119275696182,31566.26729564652,False,-99,Chaudière (gén.) pour un bât.,Mazout,2005
2525217.5583621496,1149058.8933795344,464.5013334065583,57434.49832167842,False,-99,Pompe à chaleur pour un bât.,Indéterminé,2022
2523390.6073658243,1147535.4467222341,307.6790026131493,35676.492656674694,False,-99,Pompe à chaleur pour un bât.,Indéterminé,2013
2523376.4386943174,1148060.3463864792,250.64784048914328,30109.48863932783,False,-99,Chaudière (gén.) pour un bât.,Mazout,2007
2523442.8785786554,1147695.32281105,145.78071818962331,17155.86703444639,False,-99,Chaudière (gén.) pour un bât.,Mazout,2001
2523545.180882948,1147480.9687155455,286.6715366248992,27614.90115105532,False,-99,Chaudière (gén.) pour un bât.,Mazout,2001
2523487.0619702837,1147644.4318656132,395.12812530328,51797.97044544511,False,-99,Chaudière à cond. pour un bât.,Gaz,2021
2524420.356958353,1148199.2905577593,192.3331952664975,21369.38548942622,False,-99,Chaudière (gén.) pour un bât.,Mazout,2006
2524318.584760911,1149170.5968811696,226.08459677465655,26564.706282254665,False,-99,Chaudière à cond. pour un bât.,Gaz,2014
2524004.888152021,1147937.061156691,163.4876460647801,19626.734972238173,False,-99,Chaudière (gén.) pour un bât.,Gaz,2022
2524347.924776444,1148143.1359978714,210.4358231949412,22313.946920829883,False,-99,Chaudière (gén.) pour un bât.,Gaz,2001
2524394.961243456,1147993.6433771714,121.4092965105696,14663.106553933772,False,-99,Pompe à chaleur pour un bât.,Eau,2019
2524443.8869645684,1148014.223570553,248.06568102157755,21438.11792437882,False,-99,Chaudière stand. pour un bât.,Mazout,2020
2524475.9669260243,1148087.5597995664,223.6641279467064,25706.36469312245,False,-99,Chaudière à cond. pour un bât.,Gaz,2013
2524123.4583476647,1148139.9436349778,234.60632766547343,27488.079567065182,False,-99,Chaudière stand. pour un bât.,Mazout,2019
2523377.162935978,1147383.2463447135,245.6767849911629,28335.668517762115,False,-99,Central électrique pour un bât.,Electricité,2001
2524221.6742091253,1148689.5780392208,464.7299174986896,58115.71920668718,False,-99,Chaudière à cond. pour un bât.,Gaz,2020
2523915.291606846,1147734.0865643348,156.9916974428591,20106.272984745363,False,-99,Chaudière (gén.) pour un bât.,Mazout,2020
2524119.0310771745,1148189.0977746928,239.3868346001992,27493.645296693387,False,-99,Chaudière stand. pour un bât.,Mazout,2021
2524586.685782415,1148161.7990905866,272.20065288423496,32401.785555557068,False,-99,Pompe à chaleur pour un bât.,Indéterminé,2012
2524881.0160129955,1147979.384606474,592.1008390050027,52235.7083908592,False,-99,Chaudière stand. pour un bât.,Mazout,2018
2524966.5748263155,1148746.2275411116,384.1547767626339,38192.80219722522,False,-99,Chaudière (gén.) pour un bât.,Mazout,2001
2524805.4070093054,1148995.6278162051,137.27758487626485,16691.030017790472,False,-99,Chaudière (gén.) pour un bât.,Gaz,2001
2523257.4633919117,1147633.8479958668,209.9320331353365,22429.8916566462,True,2018,Pompe à chaleur pour un bât.,Indéterminé,2001
2523422.19683236,1147465.6423367336,368.3738239907959,38071.470415551456,False,-99,Chaudière (gén.) pour un bât.,Mazout,2001
2523303.027002874,1147250.862852696,243.7171611221374,30499.706511426648,False,-99,Chaudière (gén.) pour un bât.,Mazout,2019
2524897.0923344665,1148150.2457260508,67.2541574825003,5798.223031533289,False,-99,Chaudière (gén.) pour un bât.,Gaz,2001
2524580.6576303556,1148098.910090358,266.9793125341258,32161.5882693285,False,-99,Chaudière (gén.) pour un bât.,Mazout,2023
2524609.082423856,1148201.7830952473,130.7531037111106,15898.745388789144,False,-99,Chaudière stand. pour un bât.,Mazout,2020
2525196.529433314,1149126.5816956859,318.199631355194,28499.5085381158,False,-99,Chaudière (gén.) pour un bât.,Mazout,2001
2523252.96699569,1147876.3578264457,196.03947144559208,14666.032764852673,False,-99,Chaudière (gén.) pour plus. bât.,Gaz,2001
2523580.046030672,1147438.6502908198,168.93506461454987,18929.199696755164,True,2018,Pompe à chaleur pour un bât.,Indéterminé,2004
2523649.2501005977,1147455.9506459923,517.6578170418264,66499.86879721537,False,-99,Pompe à chaleur pour un bât.,Sonde géothermique,2017
2524141.983700338,1149189.7273827496,124.62280326893612,16074.934962144223,False,-99,Chaudière à cond. pour un bât.,Gaz,2018
2524277.326424701,1147927.052085149,209.224862325398,23626.24050794133,False,-99,Chaudière (gén.) pour un bât.,Gaz,2012
2524053.5446577454,1149053.5867338714,217.8610749445864,24604.808315116057,True,2015,Central électrique pour un bât.,Electricité,2001
2524678.245096839,1148191.5316434677,206.5266233980639,24139.14267716624,False,-99,Chaudière (gén.) pour plus. bât.,Mazout,2001
2524958.207557975,1148682.373756682,292.5400790832522,31004.40861217185,False,-99,Chaudière stand. pour un bât.,Gaz,2020
2525344.6100350693,1149117.3175823607,448.0233028561247,51151.99591310888,False,-99,Pompe à chaleur pour un bât.,Sonde géothermique,2020
2523758.7497909996,1147641.937725867,387.62670624528,43754.38520034213,False,-99,Pompe à chaleur pour un bât.,Indéterminé,2010
2523636.054497317,1147782.5092967304,367.76113089450337,19159.614719199955,False,-99,Chaudière (gén.) pour un bât.,Mazout,2010
2524400.077405388,1147963.7517367387,131.18174687156622,14066.719481209451,False,-99,Chaudière (gén.) pour un bât.,Mazout,2001
2523624.7675377284,1147993.513922928,230.49275706109864,27563.46326184874,False,-99,Central électrique pour un bât.,Electricité,2017
2523356.856946706,1147300.1454659733,505.000678277365,57045.42875317192,False,-99,Pompe à chaleur pour un bât.,Indéterminé,2001
2524250.6455763616,1148640.9776252154,139.2490292806851,14061.648361140957,False,-99,Electrique direct,Electricité,2001
2523994.059093204,1148079.6773365051,158.9122718392896,20829.28922266165,True,2021,Chaudière (gén.) pour un bât.,Gaz,2022
2524230.186466547,1147849.9090856174,379.8337904123516,42378.09389478219,False,-99,Chaudière (gén.) pour un bât.,Gaz,2006
2523124.077426046,1147343.4696435472,1428.5845983847623,185686.46971424413,False,-99,Chaudière (gén.) pour plus. bât.,Mazout,2001
2523911.3862838843,1147805.8423974628,394.092800257,53732.59185195399,False,-99,Chaudière à cond. pour un bât.,Mazout,2019
2523906.238759759,1148115.019254272,236.3600518697924,27889.44721317444,False,-99,Chaudière (gén.) pour un bât.,Mazout,2001
2524338.4463836616,1148779.9756148632,521.470161237215,71724.84052051249,False,-99,Chaudière (gén.) pour un bât.,Mazout,2001
2524027.37018494,1147933.7678853835,332.7188129328235,40712.77331926004,False,-99,Chaudière (gén.) pour un bât.,Gaz,2010
2524121.971265682,1148169.3683121253,242.5673580524766,28062.947956815005,False,-99,Pompe à chaleur pour un bât.,Sonde géothermique,2022
2524159.4450721126,1147916.6313963947,166.96870777579946,21052.18715467938,True,2014,Chaudière (gén.) pour un bât.,Gaz,2013
2524223.6299558156,1147892.816022055,184.1781356055862,22971.1045932784,True,2020,Pompe à chaleur pour un bât.,Indéterminé,2022
2524196.422826148,1149112.6948910798,276.43618840004376,31546.81592706032,False,-99,Pompe à chaleur pour un bât.,Sonde géothermique,2023
2524221.1263993033,1147869.2484738475,97.2867032985115,8145.963257800888,False,-99,Poêle,Autre,2001
2524058.3267703056,1149180.7191194936,325.5599612403982,29414.42230805361,False,-99,Chaudière stand. pour un bât.,Mazout,2021
2524342.3472095295,1149135.4454083615,134.33832210619,16964.617286374858,False,-99,Chaudière à cond. pour un bât.,Gaz,2021
2524175.306354204,1149077.5963986542,202.8525047777491,22895.16819255077,False,-99,Chaudière (gén.) pour un bât.,Mazout,2001
2524182.407379839,1149087.0954803417,274.95672557231,31787.51826318905,False,-99,Chaudière (gén.) pour un bât.,Gaz,2017
2523959.130606562,1149047.6870878048,161.7468408781275,18803.39577545812,False,-99,Chaudière (gén.) pour un bât.,Mazout,2001
2524141.561462558,1149100.6443153876,221.6112847171594,26054.40061565868,False,-99,Chaudière (gén.) pour un bât.,Mazout,2001
2524269.181840322,1149038.489462781,243.66167074213504,29325.972119329832,False,-99,Chaudière stand. pour un bât.,Mazout,2018
2524220.3001144766,1149000.5686015002,193.40250488918912,22624.628196385507,True,2017,Central électrique pour un bât.,Electricité,2001
2524236.966695542,1149047.3303583993,208.2043946397176,24883.374124793,False,-99,Chaudière à cond. pour un bât.,Gaz,2022
2524441.6967844297,1149087.5553156927,113.9331248147308,13544.034852655255,False,-99,Pompe à chaleur pour un bât.,Indéterminé,2010
2523903.3105302057,1149035.137087291,395.7349907379747,48875.31456818916,False,-99,Chaudière (gén.) pour un bât.,Mazout,2001
2524212.0929097575,1149218.8261312528,127.862382559754,15278.22004841697,False,-99,Pompe à chaleur pour un bât.,Indéterminé,2010
2524087.3194266115,1149179.3984793443,227.16634278445144,24027.21439453748,True,2022,Pompe à chaleur pour un bât.,Indéterminé,2005
2524111.440252629,1149089.9723389586,200.64089421616137,24423.79149421757,False,-99,Chaudière à cond. pour un bât.,Gaz,2023
2524190.383504603,1149232.6497321473,106.0503075777656,13780.548003251664,False,-99,Chaudière (gén.) pour un bât.,Mazout,2021
2524390.8625070546,1149145.2941064269,133.4438644608412,16988.78813217899,False,-99,Chaudière à cond. pour un bât.,Gaz,2023
2524321.1459219707,1149108.622202616,132.6065834352855,16740.42685182164,False,-99,Chaudière à cond. pour un bât.,Gaz,2023
2524421.156283487,1149216.6226638686,201.2166955611316,20589.57501898606,False,-99,Chaudière à cond. pour un bât.,Gaz,2018
2524238.1688613305,1149184.257473217,183.3603194470155,20854.06489315718,True,2021,Chaudière (gén.) pour un bât.,Mazout,2020
2524105.1083645844,1149021.6937761968,143.5901944849386,15000.14742196812,False,-99,Chaudière (gén.) pour un bât.,Gaz,2011
2524120.562045269,1149166.6282424617,117.80569870262902,14620.723815078823,False,-99,Central électrique pour un bât.,Electricité,2001
2524080.1004867796,1149058.7544068636,161.4192093603139,19736.800747602843,False,-99,Chaudière (gén.) pour un bât.,Mazout,2001
2524119.334827043,1149222.1332480477,118.2684694621519,15168.124423127818,True,2017,Pompe à chaleur pour un bât.,Air,2018
2524145.0249245614,1149229.1162476263,243.3111020764739,29129.296071061497,False,-99,Pompe à chaleur pour un bât.,Sonde géothermique,2023
2524155.463221135,1149012.4635689075,184.3912126025007,21250.664055711928,False,-99,Chaudière (gén.) pour un bât.,Mazout,2001
2524189.4847916136,1149191.0936679675,493.4263891669975,52351.91839059129,True,2023,Central électrique pour un bât.,Electricité,2001
2524328.5687914467,1149088.6265719016,137.65551470130993,17312.65560096211,False,-99,Chaudière à cond. pour un bât.,Gaz,2020
2524399.7352186446,1149174.9159460117,273.7463361858752,31281.97346998222,False,-99,Pompe à chaleur pour un bât.,Indéterminé,2021
2523986.335841365,1148127.8839196817,212.25727837422684,23039.901770976165,False,-99,Pompe à chaleur pour un bât.,Sonde géothermique,2022
2524119.384199866,1148240.6461239678,201.302048624432,25439.37717471471,False,-99,Chaudière à cond. pour un bât.,Mazout,2018
2524518.9817586234,1148336.4691518648,212.84468927871183,20543.860003992177,False,-99,Chaudière stand. pour un bât.,Gaz,2020
2523975.3951071133,1147688.5438422435,364.4561914440518,40742.81391119312,False,-99,Chaudière (gén.) pour un bât.,Mazout,2013
2523944.7429510127,1148099.5387030197,268.0613882283411,32151.60669774872,False,-99,Chaudière (gén.) pour un bât.,Gaz,2007
2524850.734273014,1148595.4120184549,442.4170005481381,53620.656757811535,False,-99,Chaudière à cond. pour un bât.,Gaz,2023
2524887.0675244275,1148802.151882123,400.735900809848,54846.14693919377,False,-99,Chaudière à cond. pour un bât.,Gaz,2021
2524755.404208099,1148259.4743775232,165.6168044680384,15871.46746914828,False,-99,Chaudière (gén.) pour un bât.,Mazout,2001
2523604.551204018,1147768.5087602746,1336.3068690039254,167480.37529641364,False,-99,Chaudière (gén.) pour plus. bât.,Gaz,2004
2524092.104813378,1148893.9446055004,186.32514346801048,23204.175140054547,False,-99,Pompe à chaleur pour un bât.,Sonde géothermique,2018
2523922.6652711164,1147706.9706388495,210.2053957134836,24933.42810094134,False,-99,Pompe à chaleur pour un bât.,Indéterminé,2012
2524171.4778962377,1148148.8277827068,224.0139345823304,25829.796092715445,False,-99,Chaudière (gén.) pour un bât.,Gaz,2008
2524346.0878874008,1148042.5672029334,180.7643897404181,14768.984644787217,False,-99,Chaudière (gén.) pour un bât.,Gaz,2013
2524353.769596627,1148112.6425387478,202.9101893713241,19096.77927240994,False,-99,Chaudière (gén.) pour un bât.,Gaz,2001
2523937.4054353624,1147778.2438019542,115.663022233276,12034.120981137488,False,-99,Chaudière (gén.) pour un bât.,Mazout,2022
2524844.2620757916,1148691.8505469821,311.4262025710807,30229.946450288626,False,-99,Chaudière (gén.) pour un bât.,Mazout,2001
2524202.649317829,1148817.0660338597,209.8501766368508,24181.314934274607,False,-99,Central électrique pour un bât.,Electricité,2001
2524151.9989010836,1148102.6646780658,224.3257929161317,26079.02026686379,False,-99,Pompe à chaleur pour un bât.,Indéterminé,2020
2524659.0599779454,1148219.2767152372,172.3479130842467,20338.43418030528,False,-99,Chaudière (gén.) pour plus. bât.,Mazout,2003
2523967.378866971,1147918.4254466577,396.306172198299,52154.82379224394,False,-99,Chaudière (gén.) pour un bât.,Gaz,2010
2523179.6232793443,1147300.1125345014,278.9244781997903,32364.55146357219,False,-99,Chaudière (gén.) pour un bât.,Mazout,2001
2522949.776327622,1147173.0496149203,344.8765415432407,21735.19471655886,False,-99,Chaudière (gén.) pour un bât.,Mazout,2001
2523963.391001581,1148010.1561626543,262.79350388404555,31445.35092730054,False,-99,Chaudière (gén.) pour un bât.,Gaz,2007
2524748.8548153834,1148214.876922751,321.1299191559571,35105.618476421536,False,-99,Chaudière (gén.) pour un bât.,Mazout,2001
2525330.633919463,1149145.028782762,116.57625504366284,8209.1701704336,False,-99,Chaudière (gén.) pour un bât.,Bois (générique),2001
2525204.868167408,1149384.143383257,152.8097467126854,19135.595136887023,True,2018,Chaudière (gén.) pour un bât.,Mazout,2001
2524756.08054583,1148602.7546688463,485.3722063865217,64793.8624967129,False,-99,Chaudière (gén.) pour un bât.,Gaz,2017
2524923.8422337836,1148853.3157841773,205.4877753715721,24771.151064567952,False,-99,Chaudière (gén.) pour un bât.,Mazout,2001
2524657.9804771505,1148407.388829314,134.11262904730685,15299.225253989747,False,-99,Chaudière (gén.) pour un bât.,Mazout,2001
2524253.6438822323,1148772.4942382604,467.5533589980083,58190.91916791728,False,-99,Chaudière à cond. pour un bât.,Gaz,2020
2523350.397801624,1147942.2195008188,219.21147716484103,24839.38796027884,False,-99,Chaudière (gén.) pour un bât.,Mazout,2017
2523459.429643877,1147615.5629773892,389.517527267181,51446.157861682994,False,-99,Chaudière (gén.) pour un bât.,Gaz,2002
2523747.1213744376,1147776.4931039421,378.380744038138,51329.61616669924,False,-99,Chaudière à cond. pour un bât.,Gaz,2023
2523447.5691079777,1147843.5593563844,164.2998605278061,21514.59073665213,False,-99,Chaudière stand. pour un bât.,Mazout,2020
2523370.2346012876,1147891.6955874716,128.52365984020892,14800.567001754463,False,-99,Chaudière (gén.) pour un bât.,Mazout,2023
2523349.9468012387,1147633.4485647776,246.9666828551356,28676.31514213976,False,-99,Chaudière (gén.) pour un bât.,Gaz,2001
2523389.902707117,1147970.6183105714,230.5715853844527,28642.665072775308,False,-99,Chaudière (gén.) pour un bât.,Mazout,2001
2523233.0499354918,1147562.0166231473,353.01877092783275,19116.99112611684,True,2022,Chaudière (gén.) pour un bât.,Gaz,2001
2523969.1573187863,1148680.583803295,322.790956356542,43573.90266413552,False,-99,Chaudière (gén.) pour un bât.,Mazout,2020
2523271.051588813,1147537.238605981,196.3541947797251,22796.17200958593,False,-99,Pompe à chaleur pour un bât.,Indéterminé,2001
2523593.142949726,1147429.3236883092,168.93596212342462,18707.3518716271,False,-99,Pompe à chaleur pour un bât.,Sonde géothermique,2018
2523452.978745014,1147868.2773122203,436.8383523863073,54387.18758828615,False,-99,Chaudière (gén.) pour un bât.,Mazout,2001
2523449.302789663,1148046.6904336498,379.4254660889841,43696.82739434948,False,-99,Chaudière à cond. pour un bât.,Gaz,2020
2523414.8513162923,1148019.1351770943,214.5593088143339,24271.135529534105,False,-99,Chaudière à cond. pour un bât.,Mazout,2018
2523521.2369437027,1147527.8741434745,346.0835636993564,41313.95026910246,True,2022,Pompe à chaleur pour un bât.,Indéterminé,2001
2523552.3777714125,1147489.0234512896,238.75407963818995,29513.41914750504,False,-99,Chaudière (gén.) pour un bât.,Mazout,2001
2523538.8948196475,1148061.7601509974,296.5484049360971,33528.91306426816,False,-99,Chaudière (gén.) pour un bât.,Gaz,2017
2523516.0532852383,1147532.1602815099,357.0251192561422,41602.43781016465,False,-99,Pompe à chaleur pour un bât.,Sonde géothermique,2019
2523532.088383885,1147556.393466462,197.4226756734027,22693.22963391951,False,-99,Chaudière (gén.) pour un bât.,Gaz,2022
2523603.427623486,1147589.0685928024,423.8510208595888,31916.122413911617,False,-99,Chaudière (gén.) pour plus. bât.,Mazout,2006
2523491.0975373187,1147571.0501134738,428.168774722073,44170.1318253376,False,-99,Chaudière (gén.) pour un bât.,Gaz,2015
2523623.342761567,1148061.6786604181,211.8953949358439,25708.56181379108,False,-99,Chaudière à cond. pour un bât.,Gaz,2023
2523605.315784464,1148025.5970260901,229.4759142183947,27632.566320835165,False,-99,Central électrique pour un bât.,Electricité,2017
2523723.0531963073,1147508.1090131125,471.4308292305872,43822.97015136207,False,-99,Chaudière (gén.) pour plus. bât.,Gaz,2010
2523703.5471918187,1147462.0998355877,505.1924806939956,65784.43359097092,False,-99,Chaudière (gén.) pour plus. bât.,Gaz,2010
2523696.7182598813,1147483.6104501137,518.2793591705471,50155.327355379806,False,-99,Chaudière (gén.) pour plus. bât.,Gaz,2010
2523665.642972759,1147937.2491143835,222.5637063874898,25657.321706768977,False,-99,Central électrique pour un bât.,Electricité,2017
2523666.4306538166,1147895.1179033183,221.4785745974325,26675.56042150794,False,-99,Central électrique pour un bât.,Electricité,2017
2523659.976802261,1147958.726056345,225.60011108973032,27471.09692993534,False,-99,Central électrique pour un bât.,Electricité,2017
2523711.9668936115,1147988.7011919436,164.9700425522501,20341.829548612342,False,-99,Chaudière (gén.) pour un bât.,Mazout,2011
2523632.4541332596,1147966.579953336,223.9519900728896,26643.525870044738,False,-99,Chaudière (gén.) pour un bât.,Gaz,2018
2523659.3659643065,1147945.362471615,231.9411670560255,27723.73960983264,False,-99,Central électrique pour un bât.,Electricité,2017
2523714.7913297974,1147586.713052476,162.4780309572057,18583.20669825338,False,-99,Chaudière (gén.) pour un bât.,Gaz,2004
2523726.0620995257,1147616.5713977995,130.8204366981049,15782.376832028604,False,-99,Chaudière (gén.) pour un bât.,Gaz,2006
2523750.715364271,1147601.345456097,232.0236950747259,24488.81703428886,True,2013,Chaudière (gén.) pour un bât.,Mazout,2001
2523712.429387571,1147751.3582188885,398.261303681389,54563.8492443674,False,-99,Chaudière (gén.) pour un bât.,Gaz,2018
2523782.7489150837,1147748.3301000812,385.350972375554,52333.71045013063,False,-99,Chaudière (gén.) pour un bât.,Gaz,2017
2523727.313885003,1147813.0804150735,370.891616631279,48018.05853483538,False,-99,Chaudière (gén.) pour un bât.,Gaz,2017
2523759.9980151886,1147746.3272312102,381.579897263942,51379.17958819881,False,-99,Chaudière à cond. pour un bât.,Gaz,2023
2523873.5780245764,1147601.4662770738,231.60687203922316,24068.02010369125,False,-99,Central électrique pour un bât.,Electricité,2001
2523811.00431972,1147568.5472712335,159.06236897165368,18888.05821898475,True,2023,Chaudière (gén.) pour un bât.,Gaz,2001
2523243.6762399618,1147360.3734267484,244.02332509829105,30001.204119963128,False,-99,Pompe à chaleur pour un bât.,Indéterminé,2001
2523339.205814233,1147426.1369908387,177.80240345181218,21970.70986107756,False,-99,Pompe à chaleur pour un bât.,Indéterminé,2002
2524766.1957744285,1148295.932575646,385.398166282633,42711.67955340915,False,-99,Chaudière (gén.) pour un bât.,Gaz,2001
2523361.775816891,1147987.9912717172,176.0504745947054,20347.47237541203,False,-99,Chaudière (gén.) pour un bât.,Mazout,2001
2523397.6206499585,1147669.6228821755,749.557419591174,91660.14326295722,False,-99,Chaudière (gén.) pour un bât.,Mazout,2001
2523470.0437142393,1147558.2532632751,398.747050942025,44190.99426653185,False,-99,Chaudière (gén.) pour un bât.,Gaz,2004
2523466.712698591,1147677.8332292808,127.24637864061,16327.310364329882,False,-99,Chaudière (gén.) pour un bât.,Mazout,2001
2523226.844288311,1147588.020257221,193.2838352261128,19670.6378408853,False,-99,Chaudière (gén.) pour un bât.,Mazout,2003
2523250.4468450774,1147596.1909617567,346.9960469393532,19363.793460902445,False,-99,Chaudière (gén.) pour un bât.,Gaz,2023
2523896.9924141564,1148793.7843109206,394.0990632301134,47730.27566265028,False,-99,Pompe à chaleur pour un bât.,Indéterminé,2014
2523290.1006833077,1147576.9035204877,198.78600457809017,22383.806151796613,False,-99,Chaudière (gén.) pour un bât.,Gaz,2001
2523313.890201665,1147956.7247464776,131.7126814685683,15603.64960731007,False,-99,Chaudière (gén.) pour un bât.,Mazout,2022
2523344.4985591583,1147521.444343411,400.3753405984997,46008.18974829549,False,-99,Pompe à chaleur pour un bât.,Indéterminé,2001
2523362.202732837,1147580.9743402915,209.787835956865,25790.101887863748,False,-99,Chaudière (gén.) pour un bât.,Gaz,2011
2523387.1808423554,1147583.0136031164,189.5978178261075,21325.24762535541,False,-99,Chaudière (gén.) pour un bât.,Gaz,2017
2523321.280262718,1147514.5556172386,162.63531739333342,17083.103587316866,False,-99,Chaudière (gén.) pour un bât.,Gaz,2017
2523382.8669511783,1147660.2934177155,246.58127234111896,28633.33945194753,False,-99,Chaudière (gén.) pour un bât.,Gaz,2011
2523362.143947729,1147655.097873268,277.37593554014313,34504.57192358447,True,2018,Pompe à chaleur pour un bât.,Air,2018
2523552.3574972176,1147599.4569006413,305.736010087899,37949.00500277537,False,-99,Pompe à chaleur pour un bât.,Indéterminé,2010
2523554.1454512165,1147768.905350826,443.3352942421673,59167.284639095065,False,-99,Chaudière (gén.) pour plus. bât.,Gaz,2005
2523510.54188363,1148071.8861256477,223.7781713081375,24263.13207125197,True,2019,Chaudière (gén.) pour un bât.,Gaz,2017
2523527.5162391625,1148018.8405573207,296.7726174385172,33485.11685035647,False,-99,Chaudière (gén.) pour un bât.,Gaz,2017
2523582.9526789505,1148024.9175576582,167.3141114077711,19620.15058543675,False,-99,Chaudière (gén.) pour un bât.,Mazout,2015
2523650.978791899,1147996.5307007788,229.5204746851627,27542.43568797248,False,-99,Central électrique pour un bât.,Electricité,2017
2523754.030013063,1147555.4446183797,158.50847605604537,18786.447793235835,True,2015,Chaudière (gén.) pour un bât.,Gaz,2004
2523634.4781633015,1148092.3085609674,217.6744410764961,26620.344669934624,False,-99,Pompe à chaleur pour un bât.,Indéterminé,2018
2523652.4082354275,1148071.721301352,218.9848238801183,26618.24763865216,True,2022,Pompe à chaleur pour un bât.,Indéterminé,2024
2523667.587503258,1148068.7849733138,177.15378700673278,21678.69852956715,False,-99,Chaudière (gén.) pour un bât.,Mazout,2001
2523774.0262027984,1147667.4461557702,474.34313990161286,60167.87956800169,False,-99,Pompe à chaleur pour un bât.,Sonde géothermique,2018
2523709.308186174,1147637.3628652531,130.7737359599481,15994.053803457984,False,-99,Chaudière (gén.) pour un bât.,Gaz,2006
2523858.9216695717,1147461.8490093916,319.4285891716998,32585.570640712303,False,-99,Chaudière (gén.) pour un bât.,Mazout,2001
2523336.3745264173,1147382.4001256034,260.19837969548587,30148.06170296522,False,-99,Central électrique pour un bât.,Electricité,2001
2523466.541609934,1147390.0957888234,293.26800747054153,32059.714967145177,False,-99,Pompe à chaleur pour un bât.,Indéterminé,2001
2523554.502386545,1147326.0954905944,317.2362933827417,37387.67783946583,False,-99,Central électrique pour un bât.,Electricité,2001
2523297.1697953497,1147394.8960095895,161.55336101064225,19963.4807347048,True,2023,Pompe à chaleur pour un bât.,Sonde géothermique,2017
2523704.56066552,1147953.4966184534,200.22035149084505,22557.142874110825,False,-99,Chaudière (gén.) pour un bât.,Mazout,2001
2524469.6003491753,1149302.7409530464,403.9469172563453,50047.42723395013,False,-99,Chaudière (gén.) pour plus. bât.,Mazout,2001
2523331.630447036,1147925.1013793352,234.5203677112034,26499.613584598155,False,-99,Chaudière (gén.) pour un bât.,Mazout,2020
2525044.3197602816,1149275.7910505226,259.2234719851787,29489.378283932543,False,-99,Chaudière (gén.) pour un bât.,Mazout,2014
2524935.4982891297,1148725.1217268566,264.0549296369076,30096.940107007227,False,-99,Central électrique pour un bât.,Electricité,2001
2524401.787237589,1149075.608181805,147.50229268308829,17211.768732596218,False,-99,Chaudière (gén.) pour un bât.,Gaz,2020
2523715.868686846,1148026.1703096195,178.0407640355828,22078.87654271973,False,-99,Chaudière stand. pour un bât.,Mazout,2020
2523227.027545594,1147624.4893818495,148.27814761493278,16200.03018214752,False,-99,Chaudière (gén.) pour un bât.,Mazout,2003
2524483.708302014,1148420.232199638,128.8241628937957,13990.187587920082,False,-99,Chaudière (gén.) pour un bât.,Mazout,2001
2525000.1839177357,1149267.1305005532,93.8572201018196,11029.740090118934,False,-99,Chaudière (gén.) pour un bât.,Mazout,2001
2525126.791106004,1149345.986029922,249.94575879631432,27573.608423083348,True,2023,Pompe à chaleur pour un bât.,Air,2022
2525207.7211655723,1149009.9429504036,247.3217499512974,21285.71707220233,False,-99,Pompe à chaleur pour un bât.,Indéterminé,2001
2525130.2562295697,1148927.8454192884,276.8063621542545,24727.69224429042,False,-99,Chaudière (gén.) pour un bât.,Gaz,2001
2525877.1733653694,1149358.3409805615,381.4049962458368,40404.89684323008,False,-99,Chaudière (gén.) pour un bât.,Gaz,2001
2525660.647478902,1149361.7323259797,320.890878579064,42873.45768786866,False,-99,Chaudière (gén.) pour un bât.,Mazout,2013
2525713.19878514,1149429.86747039,278.8485995714202,29779.55605266262,False,-99,Chaudière (gén.) pour un bât.,Gaz,2001
2525581.3097292725,1149364.5847601648,414.1218127516427,43029.07703686855,False,-99,Chaudière (gén.) pour un bât.,Gaz,2001
2524222.3084657355,1149244.1551624762,332.0371079229081,40412.62976524151,True,2022,Pompe à chaleur pour un bât.,Indéterminé,2023
2523078.2155991965,1147362.7735501884,277.65923432339,27257.068666874315,False,-99,Chaudière (gén.) pour un bât.,Mazout,2001
2523280.2760941335,1147983.7807883425,129.87152940488892,15992.694943041148,True,2021,Pompe à chaleur pour un bât.,Air,2022
2523386.1520449263,1147411.6967900624,261.4341863877498,31122.560757663825,False,-99,Pompe à chaleur pour un bât.,Indéterminé,2001
2523210.9810288013,1147603.1802217225,149.1039628199926,16273.330237933797,False,-99,Chaudière (gén.) pour un bât.,Gaz,2001
2523625.3479301757,1147348.009211239,238.52819017931265,27733.37207489872,False,-99,Chaudière (gén.) pour un bât.,Gaz,2004
2523614.19299045,1148087.12884017,217.3753806196986,26271.868855583823,True,2023,Chaudière (gén.) pour un bât.,Gaz,2017
2523582.148005942,1147384.3828072103,158.11370404697843,18988.044138605583,False,-99,Pompe à chaleur pour un bât.,Indéterminé,2004
2523566.4642783166,1147392.305498849,112.0550463910698,10975.282404103777,False,-99,Chaudière (gén.) pour un bât.,Mazout,2001
2523688.4837950794,1148081.730446692,185.7253956389539,23737.33786310149,False,-99,Chaudière (gén.) pour un bât.,Mazout,2016
2523760.0311068343,1148104.8731562807,344.2576864367649,40327.425887986654,False,-99,Chaudière (gén.) pour un bât.,Mazout,2001
2523808.6360228355,1147949.686841685,254.5346572159001,30514.73771844735,False,-99,Chaudière (gén.) pour un bât.,Mazout,2017
2523856.6256799693,1147816.575237523,536.330277624623,71043.84375203139,False,-99,Chaudière (gén.) pour un bât.,Gaz,2014
2523825.689905177,1147855.3535261056,550.96629563394,73659.41994184043,False,-99,Chaudière (gén.) pour un bât.,Gaz,2015
2523898.4940350605,1147626.4151111525,273.1828157485544,27257.068666874315,False,-99,Central électrique pour un bât.,Electricité,2001
2523817.454181052,1147969.1998168896,250.2148992058056,30499.706511426648,False,-99,Chaudière (gén.) pour un bât.,Mazout,2022
2523866.5235542394,1147741.4899801752,348.6005450041823,42600.795162125774,False,-99,Chaudière (gén.) pour un bât.,Gaz,2001
2523982.3265747624,1147868.0634110265,305.8486875477697,37641.21927225172,False,-99,Central électrique pour un bât.,Electricité,2001
2524031.9374489984,1147678.1418574536,240.297360943823,26470.003854239018,False,-99,Pompe à chaleur pour un bât.,Indéterminé,2002
2524045.6881709816,1147886.2008158471,412.9455633384062,52473.92624842248,False,-99,Chaudière (gén.) pour un bât.,Mazout,2001
2524129.089627445,1148209.7568812927,207.58381422761695,26337.36455642797,False,-99,Chaudière à cond. pour un bât.,Mazout,2021
2524160.1934357965,1148349.9825837829,128.35724853576244,15819.7345155083,True,2016,Chaudière (gén.) pour un bât.,Mazout,2015
2524149.5038798423,1148389.703549155,240.82192901305189,29835.47827914933,True,2016,Chaudière (gén.) pour un bât.,Mazout,2001
2524135.457994681,1148440.0511737384,154.5360943384917,18862.67185594308,False,-99,Chaudière (gén.) pour un bât.,Mazout,2001
2524152.518747879,1148939.2689658783,205.4068137011904,24922.780666537463,True,2012,Chaudière (gén.) pour un bât.,Mazout,2012
2524155.402385161,1149133.0747848165,145.8498874602456,18323.09075351522,False,-99,Chaudière (gén.) pour un bât.,Mazout,2001
2524187.922164389,1149141.1646490265,279.8468836666424,29560.82240114765,False,-99,Pompe à chaleur pour un bât.,Sonde géothermique,2023
2524172.097366722,1149168.0488905006,275.383579361257,31325.603294191293,False,-99,Pompe à chaleur pour un bât.,Sonde géothermique,2023
2524257.103004867,1148004.8603889146,274.3568521119714,29740.9165277546,False,-99,Pompe à chaleur pour un bât.,Indéterminé,2022
2524245.646710799,1148167.3174677913,103.5936591838481,11863.767109943492,True,2021,Chaudière (gén.) pour un bât.,Gaz,2001
2524263.1778219165,1148612.4858452594,331.598711679707,36780.89189075234,False,-99,Chaudière (gén.) pour un bât.,Gaz,2001
2524238.0292774728,1149273.526569248,212.5677246549095,27498.64235820734,False,-99,Chaudière stand. pour un bât.,Mazout,2020
2524304.163911239,1148243.2706494757,252.357159546551,25576.13562499979,False,-99,Chaudière (gén.) pour un bât.,Gaz,2013
2524258.7271094564,1148051.4146644033,517.986355648964,66656.66727056498,False,-99,Chaudière à cond. pour un bât.,Mazout,2021
2524319.385775623,1148566.5118093763,329.211770940815,36489.08101116934,False,-99,Chaudière (gén.) pour un bât.,Gaz,2001
2524426.5035005435,1149049.7361926571,138.85122618017792,16097.863707860048,True,2021,Chaudière (gén.) pour un bât.,Gaz,2006
2524423.5976130953,1148790.2436767444,472.15839355193657,62248.98512706674,False,-99,Chaudière à cond. pour un bât.,Mazout,2023
2524347.3333519157,1148225.0834828625,130.9845102663236,16108.982908127333,False,-99,Chaudière (gén.) pour un bât.,Mazout,2001
2524399.161643749,1148837.0016774237,484.6038869832296,63530.55589541905,False,-99,Chaudière (gén.) pour un bât.,Gaz,2020
2524371.157483495,1149252.26071849,588.1226359658014,61543.03205420055,False,-99,Chaudière (gén.) pour plus. bât.,Mazout,2001
2524414.5326746064,1148035.9950622178,338.77016017777726,38684.37282437836,False,-99,Chaudière (gén.) pour un bât.,Mazout,2001
2524426.4501767503,1148653.9293159288,543.074976962931,64436.75838261307,False,-99,Pompe à chaleur pour plus. bât.,Indéterminé,2008
2524663.159738119,1149091.0612037648,88.5007509387483,8068.401545116105,False,-99,Central électrique pour un bât.,Electricité,2001
2525297.2994143185,1149082.3532626037,280.242936962488,31448.81125387257,False,-99,Chaudière (gén.) pour un bât.,Mazout,2001
2525550.002137754,1149305.8540624378,150.1331353749139,18102.21435989544,False,-99,Chaudière (gén.) pour un bât.,Mazout,2001
2525434.395566086,1149205.8283343469,461.93257712598967,45885.758785696176,False,-99,Chaudière (gén.) pour un bât.,Gaz,2018
2524679.6482486357,1148253.4320542903,147.13751803168125,16400.051082509755,False,-99,Chaudière à cond. pour un bât.,Gaz,2018
2523138.5698762634,1147255.0712910541,199.88619410558613,19543.455093837325,False,-99,Chaudière (gén.) pour plus. bât.,Mazout,2001
2523073.5236391397,1147343.2489514453,377.2264537819934,43261.41751580862,False,-99,Chaudière (gén.) pour plus. bât.,Mazout,2001
2523396.618772384,1147309.720639795,191.4852896957804,22026.649900554326,False,-99,Central électrique pour un bât.,Electricité,2001
2523393.238821793,1147265.4490869557,298.4742665259422,33231.900881924,False,-99,Chaudière (gén.) pour un bât.,Mazout,2001
2523417.56458996,1147315.7037888619,208.59633067505803,25266.14830492383,False,-99,Chaudière (gén.) pour un bât.,Mazout,2001
2523451.9086380056,1148078.1626952563,129.966896022012,16546.673564413915,True,2017,Chaudière (gén.) pour un bât.,Mazout,2001
2523509.132167231,1147329.7153712667,93.2989095472288,8799.727485995012,False,-99,Central électrique pour un bât.,Electricité,2001
2523775.4443849726,1147408.2657665946,103.7813371309881,11476.597074733349,False,-99,Chaudière (gén.) pour un bât.,Mazout,2001
2523775.220941965,1147920.2320294655,260.673658222568,31452.57783933584,False,-99,Central électrique pour un bât.,Electricité,2001
2523766.586972531,1147945.9988636277,258.3409292803,31089.037235825148,False,-99,Chaudière (gén.) pour un bât.,Mazout,2001
2523760.075521449,1147973.573868845,268.019402991413,32139.267636938013,False,-99,Central électrique pour un bât.,Electricité,2001
2523882.155402586,1147720.4105999975,249.905065168108,31262.24186776513,False,-99,Chaudière (gén.) pour un bât.,Mazout,2020
2523802.2736968016,1148014.424433018,242.6664651245596,29324.168835331737,False,-99,Chaudière (gén.) pour un bât.,Mazout,2017
2523909.2343978253,1148473.1586508872,153.5624839274276,17515.577158200504,False,-99,Chaudière (gén.) pour un bât.,Bois (générique),2023
2523883.303817008,1148189.2502059822,272.4082154124234,32592.93665908111,True,2023,Chaudière (gén.) pour un bât.,Mazout,2001
2523907.052626225,1148213.9562929843,287.0504459813332,34696.12049644167,False,-99,Chaudière (gén.) pour un bât.,Gaz,2011
2523965.1891427455,1148267.804357499,234.1384888368247,28463.651451350142,False,-99,Chaudière à cond. pour un bât.,Gaz,2021
2523944.4061183403,1148115.7302722258,256.985145361985,30876.852126408987,False,-99,Chaudière à cond. pour un bât.,Gaz,2021
2523949.6473223795,1148255.20533866,157.4273878939925,18518.884339587406,True,2015,Central électrique pour un bât.,Electricité,2001
2524045.033178477,1148050.8739436867,175.2393419243694,21216.78974958203,False,-99,Pompe à chaleur pour un bât.,Indéterminé,2001
2524063.424030765,1147947.3849174324,432.1978130807253,55020.385825334495,False,-99,Chaudière (gén.) pour un bât.,Gaz,2012
2524123.1410299055,1148105.3880986257,216.343972429508,26173.77427989076,False,-99,Chaudière (gén.) pour un bât.,Gaz,2013
2524103.6574005415,1148125.7251544273,182.9394071521341,22759.21789303724,True,2022,Chaudière (gén.) pour un bât.,Mazout,2001
2524138.096575667,1148174.4851705742,241.14565071228185,27904.72105452526,False,-99,Chaudière (gén.) pour un bât.,Mazout,2001
2524497.8646960845,1148303.5455893243,410.9058506540789,48707.04384600489,False,-99,Chaudière (gén.) pour un bât.,Mazout,2001
2524138.883072162,1149005.0882081096,105.6360333379385,13605.684340404525,False,-99,Chaudière (gén.) pour un bât.,Mazout,2001
2524106.228801598,1148968.9120051058,150.93208681856427,19534.034990750897,False,-99,Chaudière (gén.) pour un bât.,Gaz,2017
2524156.60719502,1148168.9726524388,168.45423819991288,18915.005878152188,False,-99,Chaudière (gén.) pour un bât.,Mazout,2001
2524167.2596866707,1147996.2602890753,133.476518649786,16964.617286374858,True,2019,Pompe à chaleur pour un bât.,Indéterminé,2016
2524231.4162874627,1148648.5058325625,120.2822698091886,15567.92094769422,False,-99,Chaudière (gén.) pour un bât.,Mazout,2001
2524232.6441189535,1148838.2828557824,430.4096644435277,56290.68788915101,False,-99,Chaudière (gén.) pour un bât.,Mazout,2012
2524241.462121455,1149127.410908699,205.0542057077868,23943.508164332245,True,2020,Chaudière (gén.) pour un bât.,Gaz,2002
2524342.09442494,1148153.0409202792,84.8911338307291,9333.799726228171,False,-99,Chaudière (gén.) pour un bât.,Gaz,2014
2524317.86191298,1148510.1217951209,204.36027820907,22784.58999972133,False,-99,Chaudière (gén.) pour un bât.,Gaz,2013
2524323.2566430904,1148695.9373442717,105.5124307435932,13371.608939170595,True,2023,Chaudière (gén.) pour un bât.,Gaz,2013
2524412.6319049415,1149281.8229913788,399.2760693331286,45468.22749563211,False,-99,Chaudière (gén.) pour plus. bât.,Mazout,2001
2524472.382587515,1148101.500575382,161.4182091725675,19672.945156957987,False,-99,Chaudière stand. pour un bât.,Mazout,2019
2524462.4207052886,1148178.4903736906,164.62513959474236,19047.43848640168,False,-99,Chaudière (gén.) pour un bât.,Mazout,2016
2524484.435327802,1148224.5637149948,185.72174162586185,22323.50585378494,True,2017,Chaudière (gén.) pour un bât.,Gaz,2001
2524460.078647017,1148206.3697056342,247.328227723591,31928.457169706824,False,-99,Chaudière (gén.) pour un bât.,Mazout,2007
2524542.9450636017,1148198.8946406788,298.6022642412903,33800.470594745515,False,-99,Chaudière (gén.) pour un bât.,Gaz,2001
2524524.185448856,1148258.1770971557,238.55402324987023,26961.21652224268,False,-99,Chaudière (gén.) pour un bât.,Gaz,2001
2524536.9570990605,1148239.6834607052,193.4873738991487,22521.48701630835,True,2017,Chaudière (gén.) pour un bât.,Mazout,2022
2524375.9566271896,1148056.047567552,286.2043366237755,34971.6050712987,False,-99,Central électrique pour un bât.,Electricité,2001
2524602.131164636,1148167.8736159524,153.7121288853636,20235.725806312454,False,-99,Chaudière (gén.) pour un bât.,Gaz,2020
2524634.426397878,1148205.858007536,390.2007724867366,47822.474290768165,False,-99,Chaudière à cond. pour un bât.,Gaz,2018
2525078.287909309,1149304.130026846,210.4523140594851,25370.03162229093,True,2022,Pompe à chaleur pour un bât.,Air,2023
2524823.963727341,1148964.5979149875,120.3853368673535,15520.040226464298,False,-99,Chaudière (gén.) pour un bât.,Bois (générique),2001
2524863.169085948,1148503.8972518279,91.3019041793438,10139.024976869954,False,-99,Chaudière (gén.) pour un bât.,Gaz,2001
2525078.780080833,1148852.1030204527,381.0841589146825,52154.82379224394,False,-99,Pompe à chaleur pour un bât.,Indéterminé,2012
2525100.5777851837,1149050.6120562037,277.1134111087115,24743.46450803013,False,-99,Chaudière (gén.) pour un bât.,Gaz,2019
2524881.486505508,1148556.689036677,445.2484448938205,53612.20354317074,False,-99,Chaudière à cond. pour un bât.,Gaz,2022
2524316.097428694,1148195.4290468784,237.4676160225133,26832.17928286484,False,-99,Chaudière (gén.) pour un bât.,Gaz,2019
2523961.4670543196,1147824.3225164176,179.45658774039168,19092.0636429244,False,-99,Central électrique pour un bât.,Electricité,2001
2524478.690024444,1148022.9900064804,470.73225244232833,55425.82872807388,False,-99,Chaudière (gén.) pour un bât.,Mazout,2017
2524652.5940275216,1148087.4351096416,196.5100828860104,21757.780178157733,True,2017,Chaudière (gén.) pour un bât.,Mazout,2004
2525472.3857184784,1149255.8674956616,312.4438170248262,34303.158513786744,False,-99,Chaudière (gén.) pour un bât.,Gaz,2017
2523376.50224729,1147606.6349812709,240.0572712177477,28258.88059715454,True,2015,Chaudière (gén.) pour un bât.,Gaz,2001
2523465.4237834937,1147708.1230136522,98.2847429373475,11287.121551634984,False,-99,Chaudière (gén.) pour un bât.,Gaz,2001
2523503.730929507,1147417.7141402317,241.9001524914994,29117.36831335037,False,-99,Chaudière (gén.) pour un bât.,Mazout,2014
2523596.1092839483,1147946.1529307736,248.896588610423,28286.71670552205,False,-99,Chaudière (gén.) pour un bât.,Mazout,2001
2523306.800505082,1147919.7875345522,180.9826000500759,19400.710163509164,False,-99,Chaudière (gén.) pour un bât.,Mazout,2001
2523242.460762213,1147971.043177135,152.77902579285097,19890.7227571842,False,-99,Pompe à chaleur pour un bât.,Air,2020
2523310.2714298265,1147990.1123508608,144.7776069882804,16975.86936354109,True,2018,Chaudière (gén.) pour un bât.,Mazout,2001
2523423.493835175,1148045.030879732,231.60503319433468,26390.95912616506,False,-99,Chaudière (gén.) pour un bât.,Mazout,2001
2523606.6464807875,1147389.1020952957,233.5341037404587,22834.15399910226,True,2022,Pompe à chaleur pour un bât.,Sonde géothermique,2023
2523672.86226847,1147915.2476457118,234.2895359004053,28323.958872923755,False,-99,Chaudière (gén.) pour un bât.,Gaz,2017
2523704.6643786845,1148140.9254341158,142.0504707592571,18342.52790319724,True,2020,Pompe à chaleur pour un bât.,Air,2022
2523922.3306485,1147823.213469122,534.912977611242,71724.84052051249,False,-99,Chaudière (gén.) pour un bât.,Gaz,2015
2523750.815078732,1148040.1821848326,114.78782423141853,15592.481377172971,False,-99,Chaudière (gén.) pour un bât.,Mazout,2001
2523481.0112573784,1147319.3116262378,501.4843009856656,54525.15376989622,False,-99,Chaudière (gén.) pour un bât.,Mazout,2005
2523390.917275935,1148031.0457129406,209.39681243997128,19628.280166295663,False,-99,Chaudière (gén.) pour un bât.,Mazout,2011
2524263.9189718664,1148720.5250944898,409.031669247742,48568.48585154397,False,-99,Chaudière (gén.) pour un bât.,Gaz,2017
2523795.906211764,1148923.1521689056,462.4048209513516,52115.25985637595,True,2015,Chaudière (gén.) pour plus. bât.,Mazout,2001
2524498.16367625,1148066.1880058963,223.0871032453313,25506.89309734428,False,-99,Chaudière à cond. pour un bât.,Gaz,2013
2524566.359078695,1148162.4393525133,167.94555851016992,18771.358839639222,False,-99,Chaudière (gén.) pour un bât.,Mazout,2001
2524594.240990589,1148191.7775960516,102.36095671390471,10988.923042223314,False,-99,Chaudière (gén.) pour plus. bât.,Mazout,2001
2524636.3792597856,1148074.5238116374,212.09543754482465,24974.23420298982,True,2017,Pompe à chaleur pour un bât.,Indéterminé,2024
2524739.5828359188,1148078.478908367,281.2182132235821,33732.79559692401,False,-99,Chaudière (gén.) pour un bât.,Mazout,2013
2524832.702406906,1147979.7259148909,94.3213574701674,10768.70368849867,False,-99,Chaudière (gén.) pour un bât.,Mazout,2014
2524893.0498392354,1148099.3727243752,89.14599560965785,9270.777123369186,False,-99,Chaudière à cond. pour un bât.,Gaz,2021
2524060.7469640225,1149141.903641401,247.4913073267513,30765.6079729716,False,-99,Chaudière (gén.) pour un bât.,Mazout,2001
2524760.557830427,1148134.0924633206,200.1962002140293,24575.46592956863,False,-99,Chaudière (gén.) pour un bât.,Mazout,2001
2524093.023812901,1149156.774931203,223.046109186798,28588.15983037752,False,-99,Chaudière (gén.) pour un bât.,Mazout,2001
2524288.466657478,1149195.371287061,218.9792978744221,25336.28165864862,False,-99,Chaudière (gén.) pour un bât.,Gaz,2006
2524389.196311106,1149205.6654249036,292.2974926820247,36345.362779971496,False,-99,Chaudière (gén.) pour un bât.,Mazout,2001
2524165.872843253,1148871.6733591142,180.5148948523415,21285.84081282688,True,2020,Central électrique pour un bât.,Electricité,2001
2524124.96672931,1148817.3959444244,121.92314005286111,15691.368377555793,False,-99,Pompe à chaleur pour un bât.,Indéterminé,2014
2524087.7047123956,1148841.8328134266,153.0584313034714,18454.27809199904,False,-99,Pompe à chaleur pour un bât.,Indéterminé,2001
2524127.778924586,1148799.146992002,248.988424436607,30721.429758230108,False,-99,Chaudière (gén.) pour un bât.,Mazout,2015
2524117.4761635936,1148922.2118108808,117.3981066889657,14547.847721140415,False,-99,Chaudière (gén.) pour un bât.,Mazout,2008
2524152.9832000434,1148837.4385471293,176.38848786671622,23498.419380695366,True,2022,Central électrique pour un bât.,Electricité,2001
2524175.0579945142,1148797.400346077,124.11030829380884,15171.925709244646,False,-99,Chaudière (gén.) pour un bât.,Mazout,2022
2524177.232747212,1148865.75490672,131.615919674558,15621.23021113154,False,-99,Chaudière stand. pour un bât.,Mazout,2020
2524312.3399969395,1148713.0052358932,387.671710819169,46066.50216311513,False,-99,Chaudière (gén.) pour un bât.,Gaz,2017
2524313.5498870374,1148621.932731949,331.785601393007,36789.86821450776,False,-99,Chaudière (gén.) pour un bât.,Gaz,2001
2524499.2380367727,1149417.6874103707,439.9607324713048,47624.02434020491,False,-99,Chaudière (gén.) pour plus. bât.,Gaz,2007
2524468.0703406306,1149474.149858969,286.114285514538,35358.174100838696,False,-99,Chaudière (gén.) pour plus. bât.,Mazout,2001
2524047.7050639903,1149105.8694516912,204.4801073799484,21465.944779665533,True,2023,Central électrique pour un bât.,Electricité,2001
2525157.433876944,1149079.3509104436,325.4222602857201,31557.842444535145,False,-99,Central électrique pour un bât.,Electricité,2001
2524113.1140070776,1147984.1055310066,266.42482186804114,31801.674339733312,False,-99,Chaudière (gén.) pour un bât.,Gaz,2001
2523842.626104682,1147717.120523313,157.6033920091093,16192.403332672762,False,-99,Chaudière (gén.) pour un bât.,Mazout,2001
2524820.7466653455,1148138.4389635278,620.3848382711269,70811.75126095499,False,-99,Chaudière (gén.) pour un bât.,Gaz,2001
2524052.544646703,1147766.192445366,767.8783307673475,82377.36301762442,False,-99,Chaudière (gén.) pour un bât.,Gaz,2001
2524710.5476905857,1148438.7827959724,141.162980868168,15101.50276289192,False,-99,Chaudière (gén.) pour un bât.,Gaz,2006
2523551.668386405,1147686.520781563,1336.3068690629889,167124.26362790164,False,-99,Chaudière (gén.) pour plus. bât.,Gaz,2004
2523807.9372057617,1148169.9095712013,434.8946775738684,52262.87287990309,False,-99,Chaudière stand. pour un bât.,Mazout,2021
2523623.0513838944,1147587.3346145062,482.66205243843297,56126.35482768317,False,-99,Chaudière (gén.) pour plus. bât.,Mazout,2006
2523466.992158991,1147698.9203966728,374.622872710876,42260.07446373381,False,-99,Chaudière (gén.) pour un bât.,Gaz,2018
2523659.441901816,1147606.407629141,524.3703336733056,61032.10702193735,False,-99,Chaudière (gén.) pour plus. bât.,Mazout,2006
2523748.3935921737,1147692.1353540206,433.53148858252655,38638.363657516304,False,-99,Pompe à chaleur pour un bât.,Sonde géothermique,2020
2523770.6997607397,1147681.798500873,440.9351186422289,38641.42405810738,False,-99,Pompe à chaleur pour plus. bât.,Indéterminé,2010
2523320.987029615,1147662.681260806,466.8630036869667,41186.04547948692,True,2016,Pompe à chaleur pour un bât.,Air,2018
2523306.176293489,1147367.7073259256,298.6900314859053,37644.62157195318,True,2019,Central électrique pour un bât.,Electricité,2001
2523697.283998521,1147685.5610183112,671.9936943124965,72824.83373551608,False,-99,Chaudière (gén.) pour un bât.,Gaz,2017
2523829.410778962,1147612.7690764803,312.5061314047176,35676.492656674694,True,2020,Pompe à chaleur pour un bât.,Indéterminé,2021
